Category	Subsystem	Role	Contig	Start	Stop
Carbohydrates	Sucrose utilization	Fructokinase (EC 2.7.1.4)	NZ_JBBJSO010000001.1	567154	568131
Carbohydrates	Sucrose utilization	Sucrose-6-phosphate hydrolase (EC 3.2.1.26)	NZ_JBBJSO010000001.1	1024074	1027652
Carbohydrates	Sucrose utilization	Sucrose permease, major facilitator superfamily	NZ_JBBJSO010000001.1	1011491	1012732
Carbohydrates	Sucrose utilization	Sucrose operon repressor ScrR, LacI family	NZ_JBBJSO010000001.1	1011163	1010180
Carbohydrates	Lactose and Galactose Uptake and Utilization	Aldose 1-epimerase (EC 5.1.3.3)	NZ_JBBJSO010000001.1	1242048	1243103
Carbohydrates	Lactose and Galactose Uptake and Utilization	Galactokinase (EC 2.7.1.6)	NZ_JBBJSO010000001.1	67609	68787
Carbohydrates	Lactose and Galactose Uptake and Utilization	UDP-glucose 4-epimerase (EC 5.1.3.2)	NZ_JBBJSO010000001.1	430286	431266
Carbohydrates	Lactose and Galactose Uptake and Utilization	Galactose-1-phosphate uridylyltransferase (EC 2.7.7.10)	NZ_JBBJSO010000001.1	68818	70341
Carbohydrates	Fermentations: Lactate	Acetate kinase (EC 2.7.2.1)	NZ_JBBJSO010000002.1	107571	108761
Carbohydrates	Fermentations: Lactate	L-lactate dehydrogenase (EC 1.1.1.27)	NZ_JBBJSO010000005.1	90511	91467
Carbohydrates	Fermentations: Lactate	Phosphate acetyltransferase (EC 2.3.1.8)	NZ_JBBJSO010000003.1	95338	96309
Carbohydrates	Acetyl-CoA fermentation to Butyrate	3-hydroxybutyrate dehydrogenase (EC 1.1.1.30)	NZ_JBBJSO010000001.1	1620633	1619857
Carbohydrates	Acetyl-CoA fermentation to Butyrate	Electron transfer flavoprotein, beta subunit	NZ_JBBJSO010000002.1	173656	174429
Carbohydrates	Acetyl-CoA fermentation to Butyrate	3-hydroxybutyryl-CoA dehydrogenase (EC 1.1.1.157)	NZ_JBBJSO010000001.1	1766288	1767169
Carbohydrates	Acetyl-CoA fermentation to Butyrate	Enoyl-CoA hydratase (EC 4.2.1.17)	NZ_JBBJSO010000001.1	1767169	1767951
Carbohydrates	Acetyl-CoA fermentation to Butyrate	Acetyl-CoA acetyltransferase (EC 2.3.1.9)	NZ_JBBJSO010000001.1	1777938	1779128
Carbohydrates	Acetyl-CoA fermentation to Butyrate	Electron transfer flavoprotein, alpha subunit	NZ_JBBJSO010000002.1	174463	175443
Carbohydrates	Acetyl-CoA fermentation to Butyrate	Acetoacetyl-CoA reductase (EC 1.1.1.36)	NZ_JBBJSO010000001.1	638167	638910
Carbohydrates	Acetyl-CoA fermentation to Butyrate	3-hydroxyacyl-CoA dehydrogenase (EC 1.1.1.35)	NZ_JBBJSO010000001.1	1766288	1767169
Carbohydrates	Acetoin, butanediol metabolism	Alpha-acetolactate decarboxylase (EC 4.1.1.5)	NZ_JBBJSO010000001.1	181753	181040
Carbohydrates	Acetoin, butanediol metabolism	Transcriptional activator of acetoin dehydrogenase operon AcoR	NZ_JBBJSO010000001.1	1271366	1273243
Carbohydrates	Acetoin, butanediol metabolism	Acetolactate synthase small subunit (EC 2.2.1.6)	NZ_JBBJSO010000002.1	204506	205018
Carbohydrates	Acetoin, butanediol metabolism	2,3-butanediol dehydrogenase, R-alcohol forming, (R)- and (S)-acetoin-specific (EC 1.1.1.4)	NZ_JBBJSO010000001.1	1273298	1274347
Carbohydrates	Acetoin, butanediol metabolism	Acetolactate synthase, catabolic (EC 2.2.1.6)	NZ_JBBJSO010000001.1	183446	181770
Carbohydrates	Acetoin, butanediol metabolism	Acetolactate synthase large subunit (EC 2.2.1.6)	NZ_JBBJSO010000002.1	202803	204509
Carbohydrates	Acetoin, butanediol metabolism	Dihydrolipoamide dehydrogenase of acetoin dehydrogenase (EC 1.8.1.4)	NZ_JBBJSO010000001.1	1269722	1271101
Carbohydrates	Acetolactate synthase subunits	Acetolactate synthase large subunit (EC 2.2.1.6)	NZ_JBBJSO010000002.1	202803	204509
Carbohydrates	Acetolactate synthase subunits	Acetolactate synthase small subunit (EC 2.2.1.6)	NZ_JBBJSO010000002.1	204506	205018
Carbohydrates	Butanol Biosynthesis	3-hydroxybutyryl-CoA dehydrogenase (EC 1.1.1.157)	NZ_JBBJSO010000001.1	1766288	1767169
Carbohydrates	Butanol Biosynthesis	Alcohol dehydrogenase (EC 1.1.1.1)	NZ_JBBJSO010000001.1	2095033	2093843
Carbohydrates	Butanol Biosynthesis	Enoyl-CoA hydratase (EC 4.2.1.17)	NZ_JBBJSO010000001.1	1767169	1767951
Carbohydrates	Butanol Biosynthesis	Acetyl-CoA acetyltransferase (EC 2.3.1.9)	NZ_JBBJSO010000001.1	1777938	1779128
Carbohydrates	Glyoxylate bypass	Aconitate hydratase (EC 4.2.1.3)	NZ_JBBJSO010000001.1	2005358	2002638
Carbohydrates	Glyoxylate bypass	Malate dehydrogenase (EC 1.1.1.37)	NZ_JBBJSO010000002.1	134864	135802
Carbohydrates	Glyoxylate bypass	Malate synthase G (EC 2.3.3.9)	NZ_JBBJSO010000002.1	1835360	1837537
Carbohydrates	Glyoxylate bypass	Isocitrate lyase (EC 4.1.3.1)	NZ_JBBJSO010000001.1	2425	3708
Carbohydrates	Glyoxylate bypass	Citrate synthase (si) (EC 2.3.3.1)	NZ_JBBJSO010000002.1	132349	133467
Carbohydrates	TCA Cycle	Dihydrolipoamide succinyltransferase component (E2) of 2-oxoglutarate dehydrogenase complex (EC 2.3.1.61)	NZ_JBBJSO010000002.1	1804328	1805623
Carbohydrates	TCA Cycle	Aconitate hydratase (EC 4.2.1.3)	NZ_JBBJSO010000001.1	2005358	2002638
Carbohydrates	TCA Cycle	Citrate synthase (si) (EC 2.3.3.1)	NZ_JBBJSO010000002.1	132349	133467
Carbohydrates	TCA Cycle	Succinyl-CoA ligase [ADP-forming] beta chain (EC 6.2.1.5)	NZ_JBBJSO010000002.1	677261	678421
Carbohydrates	TCA Cycle	Malate:quinone oxidoreductase (EC 1.1.5.4)	NZ_JBBJSO010000001.1	2183612	2182110
Carbohydrates	TCA Cycle	Fumarate hydratase class II (EC 4.2.1.2)	NZ_JBBJSO010000001.1	1727034	1728413
Carbohydrates	TCA Cycle	Fumarate hydratase class I, aerobic (EC 4.2.1.2)	NZ_JBBJSO010000004.1	32604	31063
Carbohydrates	TCA Cycle	Malate dehydrogenase (EC 1.1.1.37)	NZ_JBBJSO010000002.1	134864	135802
Carbohydrates	TCA Cycle	Dihydrolipoamide dehydrogenase of pyruvate dehydrogenase complex (EC 1.8.1.4)	NZ_JBBJSO010000001.1	756381	757793
Carbohydrates	TCA Cycle	Isocitrate dehydrogenase [NADP] (EC 1.1.1.42)	NZ_JBBJSO010000002.1	133549	134835
Carbohydrates	TCA Cycle	Succinyl-CoA ligase [ADP-forming] alpha chain (EC 6.2.1.5)	NZ_JBBJSO010000002.1	678440	679342
Carbohydrates	TCA Cycle	2-oxoglutarate dehydrogenase E1 component (EC 1.2.4.2)	NZ_JBBJSO010000002.1	1801450	1804311
Carbohydrates	Dehydrogenase complexes	Dihydrolipoamide succinyltransferase component (E2) of 2-oxoglutarate dehydrogenase complex (EC 2.3.1.61)	NZ_JBBJSO010000002.1	1804328	1805623
Carbohydrates	Dehydrogenase complexes	Dihydrolipoamide acyltransferase component of branched-chain alpha-keto acid dehydrogenase complex (EC 2.3.1.168)	NZ_JBBJSO010000002.1	451229	452488
Carbohydrates	Dehydrogenase complexes	Branched-chain alpha-keto acid dehydrogenase, E1 component, alpha subunit (EC 1.2.4.4)	NZ_JBBJSO010000002.1	449225	450217
Carbohydrates	Dehydrogenase complexes	Dihydrolipoamide dehydrogenase of acetoin dehydrogenase (EC 1.8.1.4)	NZ_JBBJSO010000001.1	1269722	1271101
Carbohydrates	Dehydrogenase complexes	Dihydrolipoamide dehydrogenase of branched-chain alpha-keto acid dehydrogenase (EC 1.8.1.4)	NZ_JBBJSO010000002.1	447783	449204
Carbohydrates	Dehydrogenase complexes	Dihydrolipoamide acetyltransferase component of pyruvate dehydrogenase complex (EC 2.3.1.12)	NZ_JBBJSO010000001.1	755076	756377
Carbohydrates	Dehydrogenase complexes	Pyruvate dehydrogenase E1 component beta subunit (EC 1.2.4.1)	NZ_JBBJSO010000001.1	753996	754973
Carbohydrates	Dehydrogenase complexes	Cytosol aminopeptidase PepA (EC 3.4.11.1)	NZ_JBBJSO010000003.1	338222	339715
Carbohydrates	Dehydrogenase complexes	2-oxoglutarate dehydrogenase E1 component (EC 1.2.4.2)	NZ_JBBJSO010000002.1	1801450	1804311
Carbohydrates	Dehydrogenase complexes	Pyruvate dehydrogenase E1 component alpha subunit (EC 1.2.4.1)	NZ_JBBJSO010000001.1	752877	753992
Carbohydrates	Dehydrogenase complexes	Branched-chain alpha-keto acid dehydrogenase, E1 component, beta subunit (EC 1.2.4.4)	NZ_JBBJSO010000002.1	450230	451213
Carbohydrates	Pentose phosphate pathway	Ribulose-phosphate 3-epimerase (EC 5.1.3.1)	NZ_JBBJSO010000002.1	650496	651152
Carbohydrates	Pentose phosphate pathway	Glucose-6-phosphate 1-dehydrogenase (EC 1.1.1.49)	NZ_JBBJSO010000001.1	963280	961766
Carbohydrates	Pentose phosphate pathway	6-phosphogluconolactonase (EC 3.1.1.31)	NZ_JBBJSO010000004.1	118056	116992
Carbohydrates	Pentose phosphate pathway	6-phosphogluconate dehydrogenase, decarboxylating (EC 1.1.1.44)	NZ_JBBJSO010000001.1	132343	133242
Carbohydrates	Pentose phosphate pathway	Transketolase (EC 2.2.1.1)	NZ_JBBJSO010000002.1	804406	806412
Carbohydrates	Pentose phosphate pathway	Ribose-phosphate pyrophosphokinase (EC 2.7.6.1)	NZ_JBBJSO010000010.1	18740	19693
Carbohydrates	Pentose phosphate pathway	Transaldolase (EC 2.2.1.2)	NZ_JBBJSO010000001.1	1239412	1240080
Carbohydrates	Pentose phosphate pathway	Transketolase, N-terminal section (EC 2.2.1.1)	NZ_JBBJSO010000001.1	1070575	1071408
Carbohydrates	Pentose phosphate pathway	Transketolase, C-terminal section (EC 2.2.1.1)	NZ_JBBJSO010000001.1	1071408	1072355
Carbohydrates	Pyruvate metabolism II: acetyl-CoA, acetogenesis from pyruvate	Dihydrolipoamide acetyltransferase component of pyruvate dehydrogenase complex (EC 2.3.1.12)	NZ_JBBJSO010000001.1	755076	756377
Carbohydrates	Pyruvate metabolism II: acetyl-CoA, acetogenesis from pyruvate	Pyruvate dehydrogenase E1 component beta subunit (EC 1.2.4.1)	NZ_JBBJSO010000001.1	753996	754973
Carbohydrates	Pyruvate metabolism II: acetyl-CoA, acetogenesis from pyruvate	Pyruvate dehydrogenase E1 component alpha subunit (EC 1.2.4.1)	NZ_JBBJSO010000001.1	752877	753992
Carbohydrates	Pyruvate metabolism II: acetyl-CoA, acetogenesis from pyruvate	Acetate kinase (EC 2.7.2.1)	NZ_JBBJSO010000002.1	107571	108761
Carbohydrates	Pyruvate metabolism II: acetyl-CoA, acetogenesis from pyruvate	NAD-dependent protein deacetylase of SIR2 family	NZ_JBBJSO010000002.1	898889	899608
Carbohydrates	Pyruvate metabolism II: acetyl-CoA, acetogenesis from pyruvate	Dihydrolipoamide dehydrogenase of pyruvate dehydrogenase complex (EC 1.8.1.4)	NZ_JBBJSO010000001.1	756381	757793
Carbohydrates	Pyruvate metabolism II: acetyl-CoA, acetogenesis from pyruvate	Acetyltransferase AcuA, acetyl-CoA synthetase inhibitor	NZ_JBBJSO010000002.1	88042	87410
Carbohydrates	Pyruvate metabolism II: acetyl-CoA, acetogenesis from pyruvate	Phosphate acetyltransferase (EC 2.3.1.8)	NZ_JBBJSO010000003.1	95338	96309
Carbohydrates	Pyruvate metabolism II: acetyl-CoA, acetogenesis from pyruvate	Aldehyde dehydrogenase (EC 1.2.1.3)	NZ_JBBJSO010000001.1	262563	264050
Carbohydrates	Pyruvate metabolism II: acetyl-CoA, acetogenesis from pyruvate	NAD-independent protein deacetylase AcuC	NZ_JBBJSO010000002.1	86738	85575
Carbohydrates	Methylglyoxal Metabolism	Aldehyde dehydrogenase B (EC 1.2.1.22)	NZ_JBBJSO010000001.1	1781809	1783266
Carbohydrates	Methylglyoxal Metabolism	Aldehyde dehydrogenase (EC 1.2.1.3)	NZ_JBBJSO010000001.1	262563	264050
Carbohydrates	Methylglyoxal Metabolism	Methylglyoxal synthase (EC 4.2.3.3)	NZ_JBBJSO010000001.1	790640	791038
Carbohydrates	Methylglyoxal Metabolism	Lactoylglutathione lyase (EC 4.4.1.5)	NZ_JBBJSO010000001.1	1172405	1172833
Carbohydrates	Pyruvate Alanine Serine Interconversions	D-alanine aminotransferase (EC 2.6.1.21)	NZ_JBBJSO010000002.1	859416	858571
Carbohydrates	Pyruvate Alanine Serine Interconversions	L-alanine:glyoxylate aminotransferase (EC 2.6.1.44)	NZ_JBBJSO010000002.1	1696222	1697472
Carbohydrates	Pyruvate Alanine Serine Interconversions	L-serine dehydratase, alpha subunit (EC 4.3.1.17)	NZ_JBBJSO010000002.1	656882	657769
Carbohydrates	Pyruvate Alanine Serine Interconversions	L-serine dehydratase, beta subunit (EC 4.3.1.17)	NZ_JBBJSO010000002.1	656121	656783
Carbohydrates	Pyruvate Alanine Serine Interconversions	Alanine dehydrogenase (EC 1.4.1.1)	NZ_JBBJSO010000002.1	113565	114686
Carbohydrates	Pyruvate Alanine Serine Interconversions	Branched-chain amino acid aminotransferase (EC 2.6.1.42)	NZ_JBBJSO010000001.1	1962654	1961581
Carbohydrates	Pyruvate Alanine Serine Interconversions	Valine--pyruvate aminotransferase (EC 2.6.1.66)	NZ_JBBJSO010000001.1	1798407	1799693
Carbohydrates	Pyruvate Alanine Serine Interconversions	Alanine racemase (EC 5.1.1.1)	NZ_JBBJSO010000008.1	10245	9055
Carbohydrates	Pyruvate metabolism I: anaplerotic reactions, PEP	NAD-dependent malic enzyme (EC 1.1.1.38)	NZ_JBBJSO010000001.1	1422746	1424455
Carbohydrates	Pyruvate metabolism I: anaplerotic reactions, PEP	Two-component sensor histidine kinase, malate (EC 2.7.3.-)	NZ_JBBJSO010000004.1	83695	82094
Carbohydrates	Pyruvate metabolism I: anaplerotic reactions, PEP	Phosphoenolpyruvate carboxykinase [ATP] (EC 4.1.1.49)	NZ_JBBJSO010000002.1	38343	36748
Carbohydrates	Pyruvate metabolism I: anaplerotic reactions, PEP	NADP-dependent malic enzyme (EC 1.1.1.40)	NZ_JBBJSO010000002.1	123561	124790
Carbohydrates	Pyruvate metabolism I: anaplerotic reactions, PEP	Pyruvate kinase (EC 2.7.1.40)	NZ_JBBJSO010000002.1	128032	129792
Carbohydrates	Pyruvate metabolism I: anaplerotic reactions, PEP	Phosphoenolpyruvate carboxylase (EC 4.1.1.31)	NZ_JBBJSO010000001.1	206831	209599
Carbohydrates	Pyruvate metabolism I: anaplerotic reactions, PEP	Two-component response regulator, malate (EC 2.7.3.-)	NZ_JBBJSO010000004.1	82101	81376
Carbohydrates	Pyruvate metabolism I: anaplerotic reactions, PEP	Phosphoenolpyruvate synthase (EC 2.7.9.2)	NZ_JBBJSO010000001.1	1221236	1223842
Carbohydrates	Glycolate, glyoxylate interconversions	Glycolate dehydrogenase (EC 1.1.99.14), iron-sulfur subunit GlcF	NZ_JBBJSO010000001.1	2088406	2087087
Carbohydrates	Glycolate, glyoxylate interconversions	Glycolate dehydrogenase (EC 1.1.99.14), subunit GlcD	NZ_JBBJSO010000002.1	1833737	1835188
Carbohydrates	Glycolate, glyoxylate interconversions	Glyoxylate reductase (EC 1.1.1.26)	NZ_JBBJSO010000003.1	324216	325205
Carbohydrates	Glycolate, glyoxylate interconversions	Hydroxypyruvate reductase (EC 1.1.1.81)	NZ_JBBJSO010000003.1	324216	325205
Carbohydrates	Glycolate, glyoxylate interconversions	Glyoxylate reductase (EC 1.1.1.79)	NZ_JBBJSO010000003.1	324216	325205
Carbohydrates	Glycolate, glyoxylate interconversions	Glycolate dehydrogenase (EC 1.1.99.14), FAD-binding subunit GlcE	NZ_JBBJSO010000002.1	1831066	1832391
Carbohydrates	One-carbon metabolism by tetrahydropterines	Methenyltetrahydrofolate cyclohydrolase (EC 3.5.4.9)	NZ_JBBJSO010000001.1	1477027	1477881
Carbohydrates	One-carbon metabolism by tetrahydropterines	5,10-methylenetetrahydrofolate reductase (EC 1.5.1.20)	NZ_JBBJSO010000001.1	703701	701863
Carbohydrates	One-carbon metabolism by tetrahydropterines	Formyltetrahydrofolate deformylase (EC 3.5.1.10)	NZ_JBBJSO010000002.1	834668	835570
Carbohydrates	One-carbon metabolism by tetrahydropterines	5-formyltetrahydrofolate cyclo-ligase (EC 6.3.3.2)	NZ_JBBJSO010000002.1	389815	390381
Carbohydrates	One-carbon metabolism by tetrahydropterines	Formate--tetrahydrofolate ligase (EC 6.3.4.3)	NZ_JBBJSO010000001.1	1347016	1348704
Carbohydrates	One-carbon metabolism by tetrahydropterines	Methylenetetrahydrofolate dehydrogenase (NADP+) (EC 1.5.1.5)	NZ_JBBJSO010000001.1	1477027	1477881
Carbohydrates	Serine-glyoxylate cycle	Malate dehydrogenase (EC 1.1.1.37)	NZ_JBBJSO010000002.1	134864	135802
Carbohydrates	Serine-glyoxylate cycle	cytosolic long-chain acyl-CoA thioester hydrolase family protein	NZ_JBBJSO010000002.1	970028	969510
Carbohydrates	Serine-glyoxylate cycle	Methenyltetrahydrofolate cyclohydrolase (EC 3.5.4.9)	NZ_JBBJSO010000001.1	1477027	1477881
Carbohydrates	Serine-glyoxylate cycle	Phosphoenolpyruvate carboxykinase [ATP] (EC 4.1.1.49)	NZ_JBBJSO010000002.1	38343	36748
Carbohydrates	Serine-glyoxylate cycle	5,10-methylenetetrahydrofolate reductase (EC 1.5.1.20)	NZ_JBBJSO010000001.1	703701	701863
Carbohydrates	Serine-glyoxylate cycle	polyhydroxyalkanoate synthesis repressor PhaR	NZ_JBBJSO010000001.1	637485	638084
Carbohydrates	Serine-glyoxylate cycle	Methylmalonyl-CoA mutase (EC 5.4.99.2)	NZ_JBBJSO010000003.1	118187	121429
Carbohydrates	Serine-glyoxylate cycle	3-ketoacyl-CoA thiolase (EC 2.3.1.16)	NZ_JBBJSO010000001.1	1777938	1779128
Carbohydrates	Serine-glyoxylate cycle	Serine--pyruvate aminotransferase (EC 2.6.1.51)	NZ_JBBJSO010000002.1	1696222	1697472
Carbohydrates	Serine-glyoxylate cycle	Formate--tetrahydrofolate ligase (EC 6.3.4.3)	NZ_JBBJSO010000001.1	1347016	1348704
Carbohydrates	Serine-glyoxylate cycle	Fumarate hydratase class I, aerobic (EC 4.2.1.2)	NZ_JBBJSO010000004.1	32604	31063
Carbohydrates	Serine-glyoxylate cycle	Acetoacetyl-CoA reductase (EC 1.1.1.36)	NZ_JBBJSO010000001.1	638167	638910
Carbohydrates	Serine-glyoxylate cycle	Acetyl-CoA acetyltransferase (EC 2.3.1.9)	NZ_JBBJSO010000001.1	1777938	1779128
Carbohydrates	Serine-glyoxylate cycle	Serine hydroxymethyltransferase (EC 2.1.2.1)	NZ_JBBJSO010000003.1	139127	140371
Carbohydrates	Serine-glyoxylate cycle	Propionyl-CoA carboxylase beta chain (EC 6.4.1.3)	NZ_JBBJSO010000002.1	463534	465084
Carbohydrates	Serine-glyoxylate cycle	Succinyl-CoA ligase [ADP-forming] alpha chain (EC 6.2.1.5)	NZ_JBBJSO010000002.1	678440	679342
Carbohydrates	Serine-glyoxylate cycle	Glycerate kinase (EC 2.7.1.31)	NZ_JBBJSO010000001.1	2213013	2211877
Carbohydrates	Serine-glyoxylate cycle	5-formyltetrahydrofolate cyclo-ligase (EC 6.3.3.2)	NZ_JBBJSO010000002.1	389815	390381
Carbohydrates	Serine-glyoxylate cycle	Enolase (EC 4.2.1.11)	NZ_JBBJSO010000003.1	254750	256045
Carbohydrates	Serine-glyoxylate cycle	Methylenetetrahydrofolate dehydrogenase (NADP+) (EC 1.5.1.5)	NZ_JBBJSO010000001.1	1477027	1477881
Carbohydrates	Serine-glyoxylate cycle	Methylcrotonyl-CoA carboxylase carboxyl transferase subunit (EC 6.4.1.4)	NZ_JBBJSO010000002.1	587072	588613
Carbohydrates	Serine-glyoxylate cycle	Succinyl-CoA:3-ketoacid-coenzyme A transferase subunit B (EC 2.8.3.5)	NZ_JBBJSO010000001.1	1777276	1777938
Carbohydrates	Serine-glyoxylate cycle	Aconitate hydratase (EC 4.2.1.3)	NZ_JBBJSO010000001.1	2005358	2002638
Carbohydrates	Serine-glyoxylate cycle	Citrate synthase (si) (EC 2.3.3.1)	NZ_JBBJSO010000002.1	132349	133467
Carbohydrates	Serine-glyoxylate cycle	Succinyl-CoA:3-ketoacid-coenzyme A transferase subunit A (EC 2.8.3.5)	NZ_JBBJSO010000001.1	1776618	1777274
Carbohydrates	Serine-glyoxylate cycle	Succinyl-CoA ligase [ADP-forming] beta chain (EC 6.2.1.5)	NZ_JBBJSO010000002.1	677261	678421
Carbohydrates	Serine-glyoxylate cycle	Isocitrate lyase (EC 4.1.3.1)	NZ_JBBJSO010000001.1	2425	3708
Carbohydrates	Chitin and N-acetylglucosamine utilization	Predicted transcriptional regulator of N-Acetylglucosamine utilization, GntR family	NZ_JBBJSO010000001.1	584088	583363
Carbohydrates	Chitin and N-acetylglucosamine utilization	N-acetylglucosamine-6-phosphate deacetylase (EC 3.5.1.25)	NZ_JBBJSO010000001.1	586070	584886
Carbohydrates	Chitin and N-acetylglucosamine utilization	Glucosamine-6-phosphate deaminase (EC 3.5.99.6)	NZ_JBBJSO010000001.1	584883	584146
Carbohydrates	Carbon storage regulator	Flagellar assembly factor FliW	NZ_JBBJSO010000003.1	188966	189388
Carbohydrates	Carbon storage regulator	Carbon storage regulator	NZ_JBBJSO010000003.1	189413	189643
Carbohydrates	Deoxyribose and Deoxynucleoside Catabolism	Purine nucleoside phosphorylase (EC 2.4.2.1)	NZ_JBBJSO010000002.1	493365	494195
Carbohydrates	Deoxyribose and Deoxynucleoside Catabolism	Deoxyribose-phosphate aldolase (EC 4.1.2.4)	NZ_JBBJSO010000002.1	1906633	1907307
Carbohydrates	Deoxyribose and Deoxynucleoside Catabolism	Pyrimidine-nucleoside phosphorylase (EC 2.4.2.2)	NZ_JBBJSO010000002.1	1905310	1906611
Carbohydrates	Deoxyribose and Deoxynucleoside Catabolism	Deoxyribonucleoside regulator DeoR (transcriptional repressor)	NZ_JBBJSO010000002.1	1903845	1904795
Carbohydrates	Deoxyribose and Deoxynucleoside Catabolism	Ribokinase (EC 2.7.1.15)	NZ_JBBJSO010000001.1	320518	321396
Carbohydrates	Deoxyribose and Deoxynucleoside Catabolism	Phosphopentomutase (EC 5.4.2.7)	NZ_JBBJSO010000002.1	492167	493348
Carbohydrates	2-Ketogluconate Utilization	2-ketogluconate transporter	NZ_JBBJSO010000002.1	1753047	1754327
Carbohydrates	2-Ketogluconate Utilization	Epimerase KguE	NZ_JBBJSO010000002.1	1751345	1752088
Carbohydrates	2-Ketogluconate Utilization	2-ketogluconate utilization repressor PtxS	NZ_JBBJSO010000002.1	1755103	1756110
Carbohydrates	2-Ketogluconate Utilization	2-ketogluconate kinase (EC 2.7.1.13)	NZ_JBBJSO010000002.1	1752085	1753044
Carbohydrates	D-gluconate and ketogluconates metabolism	Gluconate transporter family protein	NZ_JBBJSO010000001.1	557272	558630
Carbohydrates	D-gluconate and ketogluconates metabolism	Gluconokinase (EC 2.7.1.12)	NZ_JBBJSO010000001.1	133268	134809
Carbohydrates	D-gluconate and ketogluconates metabolism	6-phosphogluconate dehydrogenase, decarboxylating (EC 1.1.1.44)	NZ_JBBJSO010000001.1	132343	133242
Carbohydrates	D-gluconate and ketogluconates metabolism	2-ketogluconate kinase (EC 2.7.1.13)	NZ_JBBJSO010000002.1	1752085	1753044
Carbohydrates	D-gluconate and ketogluconates metabolism	Gluconate permease	NZ_JBBJSO010000001.1	136883	138211
Carbohydrates	D-gluconate and ketogluconates metabolism	Glucose 1-dehydrogenase (EC 1.1.1.47)	NZ_JBBJSO010000001.1	237465	238250
Carbohydrates	Fructose utilization	Transcriptional repressor of the fructose operon, DeoR family	NZ_JBBJSO010000001.1	1501432	1502184
Carbohydrates	Fructose utilization	Transaldolase (EC 2.2.1.2)	NZ_JBBJSO010000001.1	1239412	1240080
Carbohydrates	Fructose utilization	Phosphoenolpyruvate-protein phosphotransferase of PTS system (EC 2.7.3.9)	NZ_JBBJSO010000001.1	713167	714888
Carbohydrates	Fructose utilization	1-phosphofructokinase (EC 2.7.1.56)	NZ_JBBJSO010000001.1	1502181	1503095
Carbohydrates	Fructose utilization	Fructokinase (EC 2.7.1.4)	NZ_JBBJSO010000001.1	567154	568131
Carbohydrates	Fructose utilization	Phosphotransferase system, phosphocarrier protein HPr	NZ_JBBJSO010000001.1	712901	713167
Carbohydrates	Mannose Metabolism	Phosphomannomutase (EC 5.4.2.8)	NZ_JBBJSO010000002.1	387101	389380
Carbohydrates	Mannose Metabolism	Mannose-6-phosphate isomerase (EC 5.3.1.8)	NZ_JBBJSO010000001.1	526932	527942
Carbohydrates	Mannose Metabolism	D-mannose isomerase (EC 5.3.1.7)	NZ_JBBJSO010000002.1	1293703	1292492
Carbohydrates	D-galactarate, D-glucarate and D-glycerate catabolism	Glycerate kinase (EC 2.7.1.31)	NZ_JBBJSO010000001.1	2213013	2211877
Carbohydrates	D-galactarate, D-glucarate and D-glycerate catabolism	2-hydroxy-3-oxopropionate reductase (EC 1.1.1.60)	NZ_JBBJSO010000001.1	71268	70384
Carbohydrates	D-galactarate, D-glucarate and D-glycerate catabolism	D-glycerate transporter (predicted)	NZ_JBBJSO010000001.1	2214304	2213036
Carbohydrates	D-galactarate, D-glucarate and D-glycerate catabolism	Sugar diacid utilization regulator SdaR	NZ_JBBJSO010000001.1	2215531	2214431
Carbohydrates	D-galactarate, D-glucarate and D-glycerate catabolism - gjo	D-glycerate transporter (predicted)	NZ_JBBJSO010000001.1	2214304	2213036
Carbohydrates	D-galactarate, D-glucarate and D-glycerate catabolism - gjo	2-hydroxy-3-oxopropionate reductase (EC 1.1.1.60)	NZ_JBBJSO010000001.1	71268	70384
Carbohydrates	D-galactarate, D-glucarate and D-glycerate catabolism - gjo	Sugar diacid utilization regulator SdaR	NZ_JBBJSO010000001.1	2215531	2214431
Carbohydrates	D-galactarate, D-glucarate and D-glycerate catabolism - gjo	Glycerate kinase (EC 2.7.1.31)	NZ_JBBJSO010000001.1	2213013	2211877
Carbohydrates	D-ribose utilization	Ribose operon repressor	NZ_JBBJSO010000001.1	319536	320525
Carbohydrates	D-ribose utilization	Ribokinase (EC 2.7.1.15)	NZ_JBBJSO010000001.1	320518	321396
Carbohydrates	Xylose utilization	Xylose isomerase (EC 5.3.1.5)	NZ_JBBJSO010000001.1	1248684	1250021
Carbohydrates	Xylose utilization	Xylose-responsive transcription regulator, ROK family	NZ_JBBJSO010000001.1	1248458	1247292
Carbohydrates	Xylose utilization	Xylulose kinase (EC 2.7.1.17)	NZ_JBBJSO010000001.1	1250079	1251581
Carbohydrates	Xylose utilization	D-xylose proton-symporter XylE	NZ_JBBJSO010000001.1	1251883	1253304
Carbohydrates	L-Arabinose utilization	Arabinose-proton symporter	NZ_JBBJSO010000002.1	1261412	1262791
Carbohydrates	L-Arabinose utilization	Ribulokinase (EC 2.7.1.16)	NZ_JBBJSO010000002.1	1257489	1259120
Carbohydrates	L-Arabinose utilization	L-ribulose-5-phosphate 4-epimerase (EC 5.1.3.4)	NZ_JBBJSO010000002.1	1259114	1259812
Carbohydrates	L-Arabinose utilization	L-arabinose isomerase (EC 5.3.1.4)	NZ_JBBJSO010000002.1	1259842	1261266
Carbohydrates	Glycogen metabolism	Glycogen phosphorylase (EC 2.4.1.1)	NZ_JBBJSO010000002.1	6107	8518
Carbohydrates	Glycogen metabolism	1,4-alpha-glucan (glycogen) branching enzyme, GH-13-type (EC 2.4.1.18)	NZ_JBBJSO010000002.1	555	2516
Carbohydrates	Glycogen metabolism	Glycogen biosynthesis protein GlgD, glucose-1-phosphate adenylyltransferase family	NZ_JBBJSO010000002.1	3641	4666
Carbohydrates	Glycogen metabolism	Glycogen synthase, ADP-glucose transglucosylase (EC 2.4.1.21)	NZ_JBBJSO010000002.1	4663	6093
Carbohydrates	Glycogen metabolism	Glucose-1-phosphate adenylyltransferase (EC 2.7.7.27)	NZ_JBBJSO010000002.1	2467	3618
Carbohydrates	Inositol catabolism	Myo-inositol 2-dehydrogenase 1 (EC 1.1.1.18)	NZ_JBBJSO010000005.1	124454	123432
Carbohydrates	Inositol catabolism	Predicted transcriptional regulator of the myo-inositol catabolic operon	NZ_JBBJSO010000001.1	1200924	1201925
Carbohydrates	Inositol catabolism	5-keto-2-deoxygluconokinase (EC 2.7.1.92)	NZ_JBBJSO010000002.1	1317978	1318985
Carbohydrates	Inositol catabolism	Myo-inositol 2-dehydrogenase (EC 1.1.1.18)	NZ_JBBJSO010000001.1	1203226	1204407
Carbohydrates	Inositol catabolism	Glyceraldehyde-3-phosphate ketol-isomerase (EC 5.3.1.1)	NZ_JBBJSO010000002.1	1322960	1323841
Carbohydrates	Inositol catabolism	Transcriptional repressor of the myo-inositol catabolic operon DeoR family	NZ_JBBJSO010000002.1	1313783	1314538
Carbohydrates	Inositol catabolism	Inosose dehydratase (EC 4.2.1.44)	NZ_JBBJSO010000001.1	331391	332125
Carbohydrates	Inositol catabolism	Major myo-inositol transporter IolT	NZ_JBBJSO010000002.1	1310303	1311721
Carbohydrates	Inositol catabolism	Inositol transport system sugar-binding protein	NZ_JBBJSO010000001.1	1197058	1200045
Carbohydrates	Inositol catabolism	5-keto-2-deoxy-D-gluconate-6 phosphate aldolase (EC 4.1.2.29)	NZ_JBBJSO010000002.1	1312618	1313487
Carbohydrates	Glycerol and Glycerol-3-phosphate Uptake and Utilization	Glycerol-3-phosphate ABC transporter, permease protein UgpE (TC 3.A.1.1.3)	NZ_JBBJSO010000011.1	7473	6661
Carbohydrates	Glycerol and Glycerol-3-phosphate Uptake and Utilization	Aerobic glycerol-3-phosphate dehydrogenase (EC 1.1.5.3)	NZ_JBBJSO010000005.1	77132	75453
Carbohydrates	Glycerol and Glycerol-3-phosphate Uptake and Utilization	Glycerol uptake facilitator protein	NZ_JBBJSO010000005.1	79705	78878
Carbohydrates	Glycerol and Glycerol-3-phosphate Uptake and Utilization	Glycerol kinase (EC 2.7.1.30)	NZ_JBBJSO010000005.1	78810	77320
Carbohydrates	Glycerol and Glycerol-3-phosphate Uptake and Utilization	Glycerol-3-phosphate dehydrogenase [NAD(P)+] (EC 1.1.1.94)	NZ_JBBJSO010000002.1	544690	545721
Carbohydrates	Glycerol and Glycerol-3-phosphate Uptake and Utilization	Glycerophosphoryl diester phosphodiesterase (EC 3.1.4.46)	NZ_JBBJSO010000001.1	940610	941605
Carbohydrates	Glycerol and Glycerol-3-phosphate Uptake and Utilization	Glycerol-3-phosphate ABC transporter, permease protein UgpA (TC 3.A.1.1.3)	NZ_JBBJSO010000011.1	8405	7470
Carbohydrates	Glycerate metabolism	Hydroxypyruvate reductase (EC 1.1.1.81)	NZ_JBBJSO010000003.1	324216	325205
Carbohydrates	Glycerate metabolism	Glycerate kinase (EC 2.7.1.31)	NZ_JBBJSO010000001.1	2213013	2211877
Carbohydrates	Glycerate metabolism	D-glycerate transporter (predicted)	NZ_JBBJSO010000001.1	2214304	2213036
Carbohydrates	Glycerate metabolism	2-hydroxy-3-oxopropionate reductase (EC 1.1.1.60)	NZ_JBBJSO010000001.1	71268	70384
Carbohydrates	Glycerate metabolism	Pyruvate kinase (EC 2.7.1.40)	NZ_JBBJSO010000002.1	128032	129792
Carbohydrates	Propionate-CoA to Succinate Module	2-methylisocitrate dehydratase (EC 4.2.1.99)	NZ_JBBJSO010000001.1	2005358	2002638
Carbohydrates	Propionate-CoA to Succinate Module	2-methylcitrate synthase (EC 2.3.3.5)	NZ_JBBJSO010000012.1	7219	6101
Carbohydrates	Propionate-CoA to Succinate Module	Aconitate hydratase (EC 4.2.1.3)	NZ_JBBJSO010000001.1	2005358	2002638
Carbohydrates	Propionate-CoA to Succinate Module	Methylisocitrate lyase (EC 4.1.3.30)	NZ_JBBJSO010000012.1	4543	3635
Carbohydrates	Propionate-CoA to Succinate Module	2-methylcitrate dehydratase (EC 4.2.1.79)	NZ_JBBJSO010000012.1	6002	4566
Carbohydrates	Alpha-acetolactate operon	Alpha-acetolactate decarboxylase (EC 4.1.1.5)	NZ_JBBJSO010000001.1	181753	181040
Carbohydrates	Alpha-acetolactate operon	Acetolactate synthase, catabolic (EC 2.2.1.6)	NZ_JBBJSO010000001.1	183446	181770
Carbohydrates	Methylcitrate cycle	2-methylcitrate dehydratase (EC 4.2.1.79)	NZ_JBBJSO010000012.1	6002	4566
Carbohydrates	Methylcitrate cycle	Methylisocitrate lyase (EC 4.1.3.30)	NZ_JBBJSO010000012.1	4543	3635
Carbohydrates	Methylcitrate cycle	2-methylcitrate synthase (EC 2.3.3.5)	NZ_JBBJSO010000012.1	7219	6101
Carbohydrates	Methylcitrate cycle	2-methylisocitrate dehydratase (EC 4.2.1.99)	NZ_JBBJSO010000001.1	2005358	2002638
