Category	Subcategory	Subsystem	Role	Features
Carbohydrates	Organic acids	Alpha-acetolactate operon	Alpha-acetolactate decarboxylase (EC 4.1.1.5)	fig|3132359.4.peg.2945
Carbohydrates	Organic acids	Alpha-acetolactate operon	Acetolactate synthase, catabolic (EC 2.2.1.6)	fig|3132359.4.peg.2944
Carbohydrates	Organic acids	Glycerate metabolism	Glycerate kinase (EC 2.7.1.31)	fig|3132359.4.peg.3829
Carbohydrates	Organic acids	Glycerate metabolism	Hydroxypyruvate reductase (EC 1.1.1.81)	fig|3132359.4.peg.5059
Carbohydrates	Organic acids	Glycerate metabolism	Pyruvate kinase (EC 2.7.1.40)	fig|3132359.4.peg.923
Carbohydrates	Organic acids	Glycerate metabolism	2-hydroxy-3-oxopropionate reductase (EC 1.1.1.60)	fig|3132359.4.peg.2561, fig|3132359.4.peg.3042
Carbohydrates	Organic acids	Glycerate metabolism	D-glycerate transporter (predicted)	fig|3132359.4.peg.3830
Carbohydrates	Aminosugars	Chitin and N-acetylglucosamine utilization	Predicted transcriptional regulator of N-Acetylglucosamine utilization, GntR family	fig|3132359.4.peg.2533
Carbohydrates	Aminosugars	Chitin and N-acetylglucosamine utilization	N-acetylglucosamine-6-phosphate deacetylase (EC 3.5.1.25)	fig|3132359.4.peg.2531
Carbohydrates	Aminosugars	Chitin and N-acetylglucosamine utilization	Glucosamine-6-phosphate deaminase (EC 3.5.99.6)	fig|3132359.4.peg.2532, fig|3132359.4.peg.6021
Carbohydrates	Monosaccharides	L-Arabinose utilization	L-ribulose-5-phosphate 4-epimerase (EC 5.1.3.4)	fig|3132359.4.peg.4958
Carbohydrates	Monosaccharides	L-Arabinose utilization	L-arabinose isomerase (EC 5.3.1.4)	fig|3132359.4.peg.4957
Carbohydrates	Monosaccharides	L-Arabinose utilization	Ribulokinase (EC 2.7.1.16)	fig|3132359.4.peg.4959
Carbohydrates	Monosaccharides	L-Arabinose utilization	Arabinose-proton symporter	fig|3132359.4.peg.4956
Carbohydrates	Monosaccharides	Xylose utilization	Xylose-responsive transcription regulator, ROK family	fig|3132359.4.peg.5826
Carbohydrates	Monosaccharides	Xylose utilization	Xylose isomerase (EC 5.3.1.5)	fig|3132359.4.peg.5827
Carbohydrates	Monosaccharides	Xylose utilization	Xylulose kinase (EC 2.7.1.17)	fig|3132359.4.peg.5828, fig|3132359.4.peg.6015
Carbohydrates	Monosaccharides	Xylose utilization	D-xylose proton-symporter XylE	fig|3132359.4.peg.5829
Carbohydrates	Monosaccharides	D-ribose utilization	Ribokinase (EC 2.7.1.15)	fig|3132359.4.peg.2806
Carbohydrates	Monosaccharides	D-ribose utilization	Ribose operon repressor	fig|3132359.4.peg.2807
Carbohydrates	Monosaccharides	D-galactarate, D-glucarate and D-glycerate catabolism - gjo	Glycerate kinase (EC 2.7.1.31)	fig|3132359.4.peg.3829
Carbohydrates	Monosaccharides	D-galactarate, D-glucarate and D-glycerate catabolism - gjo	Sugar diacid utilization regulator SdaR	fig|3132359.4.peg.3831
Carbohydrates	Monosaccharides	D-galactarate, D-glucarate and D-glycerate catabolism - gjo	D-galactarate dehydratase (EC 4.2.1.42)	fig|3132359.4.peg.5854
Carbohydrates	Monosaccharides	D-galactarate, D-glucarate and D-glycerate catabolism - gjo	D-glycerate transporter (predicted)	fig|3132359.4.peg.3830
Carbohydrates	Monosaccharides	D-galactarate, D-glucarate and D-glycerate catabolism - gjo	Predicted 5-dehydro-4-deoxyglucarate regulator YcbG	fig|3132359.4.peg.5855
Carbohydrates	Monosaccharides	D-galactarate, D-glucarate and D-glycerate catabolism - gjo	2-hydroxy-3-oxopropionate reductase (EC 1.1.1.60)	fig|3132359.4.peg.2561, fig|3132359.4.peg.3042
Carbohydrates	Monosaccharides	Mannose Metabolism	Phosphomannomutase (EC 5.4.2.8)	fig|3132359.4.peg.659
Carbohydrates	Monosaccharides	Mannose Metabolism	Mannose-6-phosphate isomerase (EC 5.3.1.8)	fig|3132359.4.peg.2577
Carbohydrates	Monosaccharides	Mannose Metabolism	D-mannose isomerase (EC 5.3.1.7)	fig|3132359.4.peg.4911
Carbohydrates	Monosaccharides	D-galactarate, D-glucarate and D-glycerate catabolism	Predicted 5-dehydro-4-deoxyglucarate regulator YcbG	fig|3132359.4.peg.5855
Carbohydrates	Monosaccharides	D-galactarate, D-glucarate and D-glycerate catabolism	2-hydroxy-3-oxopropionate reductase (EC 1.1.1.60)	fig|3132359.4.peg.2561, fig|3132359.4.peg.3042
Carbohydrates	Monosaccharides	D-galactarate, D-glucarate and D-glycerate catabolism	D-glycerate transporter (predicted)	fig|3132359.4.peg.3830
Carbohydrates	Monosaccharides	D-galactarate, D-glucarate and D-glycerate catabolism	D-galactarate dehydratase (EC 4.2.1.42)	fig|3132359.4.peg.5854
Carbohydrates	Monosaccharides	D-galactarate, D-glucarate and D-glycerate catabolism	Sugar diacid utilization regulator SdaR	fig|3132359.4.peg.3831
Carbohydrates	Monosaccharides	D-galactarate, D-glucarate and D-glycerate catabolism	Glycerate kinase (EC 2.7.1.31)	fig|3132359.4.peg.3829
Carbohydrates	Monosaccharides	2-Ketogluconate Utilization	Epimerase KguE	fig|3132359.4.peg.4019
Carbohydrates	Monosaccharides	2-Ketogluconate Utilization	2-ketogluconate transporter	fig|3132359.4.peg.4017
Carbohydrates	Monosaccharides	2-Ketogluconate Utilization	2-ketogluconate utilization repressor PtxS	fig|3132359.4.peg.4015
Carbohydrates	Monosaccharides	2-Ketogluconate Utilization	2-ketogluconate kinase (EC 2.7.1.13)	fig|3132359.4.peg.4018
Carbohydrates	Monosaccharides	D-gluconate and ketogluconates metabolism	Gluconate transporter family protein	fig|3132359.4.peg.2559
Carbohydrates	Monosaccharides	D-gluconate and ketogluconates metabolism	6-phosphogluconate dehydrogenase, decarboxylating (EC 1.1.1.44)	fig|3132359.4.peg.1383, fig|3132359.4.peg.2362, fig|3132359.4.peg.2974, fig|3132359.4.peg.4664, fig|3132359.4.peg.5298
Carbohydrates	Monosaccharides	D-gluconate and ketogluconates metabolism	Gluconokinase (EC 2.7.1.12)	fig|3132359.4.peg.2973
Carbohydrates	Monosaccharides	D-gluconate and ketogluconates metabolism	2-ketogluconate kinase (EC 2.7.1.13)	fig|3132359.4.peg.4018
Carbohydrates	Monosaccharides	D-gluconate and ketogluconates metabolism	Gluconate permease	fig|3132359.4.peg.2971
Carbohydrates	Monosaccharides	D-gluconate and ketogluconates metabolism	Glucose 1-dehydrogenase (EC 1.1.1.47)	fig|3132359.4.peg.2673, fig|3132359.4.peg.2890, fig|3132359.4.peg.4772
Carbohydrates	Monosaccharides	Deoxyribose and Deoxynucleoside Catabolism	Deoxyribonucleoside regulator DeoR (transcriptional repressor)	fig|3132359.4.peg.3850
Carbohydrates	Monosaccharides	Deoxyribose and Deoxynucleoside Catabolism	Phosphopentomutase (EC 5.4.2.7)	fig|3132359.4.peg.546
Carbohydrates	Monosaccharides	Deoxyribose and Deoxynucleoside Catabolism	Ribokinase (EC 2.7.1.15)	fig|3132359.4.peg.2806
Carbohydrates	Monosaccharides	Deoxyribose and Deoxynucleoside Catabolism	Deoxyribose-phosphate aldolase (EC 4.1.2.4)	fig|3132359.4.peg.3847
Carbohydrates	Monosaccharides	Deoxyribose and Deoxynucleoside Catabolism	Purine nucleoside phosphorylase (EC 2.4.2.1)	fig|3132359.4.peg.158, fig|3132359.4.peg.545
Carbohydrates	Monosaccharides	Deoxyribose and Deoxynucleoside Catabolism	Pyrimidine-nucleoside phosphorylase (EC 2.4.2.2)	fig|3132359.4.peg.3848
Carbohydrates	Monosaccharides	Fructose utilization	Fructokinase (EC 2.7.1.4)	fig|3132359.4.peg.2550, fig|3132359.4.peg.6033
Carbohydrates	Monosaccharides	Fructose utilization	Phosphotransferase system, phosphocarrier protein HPr	fig|3132359.4.peg.2396
Carbohydrates	Monosaccharides	Fructose utilization	Transaldolase (EC 2.2.1.2)	fig|3132359.4.peg.1366, fig|3132359.4.peg.3507, fig|3132359.4.peg.4663, fig|3132359.4.peg.5260, fig|3132359.4.peg.5817, fig|3132359.4.peg.6276
Carbohydrates	Monosaccharides	Fructose utilization	1-phosphofructokinase (EC 2.7.1.56)	fig|3132359.4.peg.3713
Carbohydrates	Monosaccharides	Fructose utilization	Phosphoenolpyruvate-protein phosphotransferase of PTS system (EC 2.7.3.9)	fig|3132359.4.peg.2395
Carbohydrates	Monosaccharides	Fructose utilization	Transcriptional repressor of the fructose operon, DeoR family	fig|3132359.4.peg.3714
Carbohydrates	Polysaccharides	Glycogen metabolism	Glucose-1-phosphate adenylyltransferase (EC 2.7.7.27)	fig|3132359.4.peg.1051
Carbohydrates	Polysaccharides	Glycogen metabolism	Glycogen synthase, ADP-glucose transglucosylase (EC 2.4.1.21)	fig|3132359.4.peg.1049
Carbohydrates	Polysaccharides	Glycogen metabolism	Glycogen biosynthesis protein GlgD, glucose-1-phosphate adenylyltransferase family	fig|3132359.4.peg.1050
Carbohydrates	Polysaccharides	Glycogen metabolism	1,4-alpha-glucan (glycogen) branching enzyme, GH-13-type (EC 2.4.1.18)	fig|3132359.4.peg.1052
Carbohydrates	Polysaccharides	Glycogen metabolism	Glycogen phosphorylase (EC 2.4.1.1)	fig|3132359.4.peg.1048
Carbohydrates	Central carbohydrate metabolism	TCA Cycle	Citrate synthase (si) (EC 2.3.3.1)	fig|3132359.4.peg.918, fig|3132359.4.peg.4455
Carbohydrates	Central carbohydrate metabolism	TCA Cycle	Aconitate hydratase (EC 4.2.1.3)	fig|3132359.4.peg.3228
Carbohydrates	Central carbohydrate metabolism	TCA Cycle	Dihydrolipoamide succinyltransferase component (E2) of 2-oxoglutarate dehydrogenase complex (EC 2.3.1.61)	fig|3132359.4.peg.3962
Carbohydrates	Central carbohydrate metabolism	TCA Cycle	Succinyl-CoA ligase [ADP-forming] beta chain (EC 6.2.1.5)	fig|3132359.4.peg.347
Carbohydrates	Central carbohydrate metabolism	TCA Cycle	Malate:quinone oxidoreductase (EC 1.1.5.4)	fig|3132359.4.peg.3808, fig|3132359.4.peg.3909
Carbohydrates	Central carbohydrate metabolism	TCA Cycle	Fumarate hydratase class II (EC 4.2.1.2)	fig|3132359.4.peg.3518
Carbohydrates	Central carbohydrate metabolism	TCA Cycle	Fumarate hydratase class I, aerobic (EC 4.2.1.2)	fig|3132359.4.peg.6333
Carbohydrates	Central carbohydrate metabolism	TCA Cycle	Isocitrate dehydrogenase [NADP] (EC 1.1.1.42)	fig|3132359.4.peg.917
Carbohydrates	Central carbohydrate metabolism	TCA Cycle	Malate dehydrogenase (EC 1.1.1.37)	fig|3132359.4.peg.916
Carbohydrates	Central carbohydrate metabolism	TCA Cycle	Dihydrolipoamide dehydrogenase of pyruvate dehydrogenase complex (EC 1.8.1.4)	fig|3132359.4.peg.2349
Carbohydrates	Central carbohydrate metabolism	TCA Cycle	2-oxoglutarate dehydrogenase E1 component (EC 1.2.4.2)	fig|3132359.4.peg.3963
Carbohydrates	Central carbohydrate metabolism	TCA Cycle	Succinyl-CoA ligase [ADP-forming] alpha chain (EC 6.2.1.5)	fig|3132359.4.peg.346
Carbohydrates	Central carbohydrate metabolism	Glyoxylate bypass	Aconitate hydratase (EC 4.2.1.3)	fig|3132359.4.peg.3228
Carbohydrates	Central carbohydrate metabolism	Glyoxylate bypass	Malate dehydrogenase (EC 1.1.1.37)	fig|3132359.4.peg.916
Carbohydrates	Central carbohydrate metabolism	Glyoxylate bypass	Citrate synthase (si) (EC 2.3.3.1)	fig|3132359.4.peg.918, fig|3132359.4.peg.4455
Carbohydrates	Central carbohydrate metabolism	Glyoxylate bypass	Isocitrate lyase (EC 4.1.3.1)	fig|3132359.4.peg.3101
Carbohydrates	Central carbohydrate metabolism	Glyoxylate bypass	Malate synthase G (EC 2.3.3.9)	fig|3132359.4.peg.3925
Carbohydrates	Central carbohydrate metabolism	Pentose phosphate pathway	Ribulose-phosphate 3-epimerase (EC 5.1.3.1)	fig|3132359.4.peg.376
Carbohydrates	Central carbohydrate metabolism	Pentose phosphate pathway	6-phosphogluconolactonase (EC 3.1.1.31)	fig|3132359.4.peg.6413
Carbohydrates	Central carbohydrate metabolism	Pentose phosphate pathway	Glucose-6-phosphate 1-dehydrogenase (EC 1.1.1.49)	fig|3132359.4.peg.1384, fig|3132359.4.peg.4666, fig|3132359.4.peg.5297, fig|3132359.4.peg.5651, fig|3132359.4.peg.5894
Carbohydrates	Central carbohydrate metabolism	Pentose phosphate pathway	Transketolase (EC 2.2.1.1)	fig|3132359.4.peg.225, fig|3132359.4.peg.1286, fig|3132359.4.peg.4665
Carbohydrates	Central carbohydrate metabolism	Pentose phosphate pathway	6-phosphogluconate dehydrogenase, decarboxylating (EC 1.1.1.44)	fig|3132359.4.peg.1383, fig|3132359.4.peg.2362, fig|3132359.4.peg.2974, fig|3132359.4.peg.4664, fig|3132359.4.peg.5298
Carbohydrates	Central carbohydrate metabolism	Pentose phosphate pathway	Transketolase, C-terminal section (EC 2.2.1.1)	fig|3132359.4.peg.5545
Carbohydrates	Central carbohydrate metabolism	Pentose phosphate pathway	Ribose-phosphate pyrophosphokinase (EC 2.7.6.1)	fig|3132359.4.peg.6975
Carbohydrates	Central carbohydrate metabolism	Pentose phosphate pathway	Transketolase, N-terminal section (EC 2.2.1.1)	fig|3132359.4.peg.5546
Carbohydrates	Central carbohydrate metabolism	Pentose phosphate pathway	Transaldolase (EC 2.2.1.2)	fig|3132359.4.peg.1366, fig|3132359.4.peg.3507, fig|3132359.4.peg.4663, fig|3132359.4.peg.5260, fig|3132359.4.peg.5817, fig|3132359.4.peg.6276
Carbohydrates	Central carbohydrate metabolism	Dihydroxyacetone kinases	Dihydroxyacetone kinase, ATP-dependent (EC 2.7.1.29)	fig|3132359.4.peg.5417
Carbohydrates	Central carbohydrate metabolism	Dehydrogenase complexes	Dihydrolipoamide acyltransferase component of branched-chain alpha-keto acid dehydrogenase complex (EC 2.3.1.168)	fig|3132359.4.peg.588
Carbohydrates	Central carbohydrate metabolism	Dehydrogenase complexes	Dihydrolipoamide succinyltransferase component (E2) of 2-oxoglutarate dehydrogenase complex (EC 2.3.1.61)	fig|3132359.4.peg.3962
Carbohydrates	Central carbohydrate metabolism	Dehydrogenase complexes	Branched-chain alpha-keto acid dehydrogenase, E1 component, alpha subunit (EC 1.2.4.4)	fig|3132359.4.peg.590
Carbohydrates	Central carbohydrate metabolism	Dehydrogenase complexes	Dihydrolipoamide dehydrogenase of acetoin dehydrogenase (EC 1.8.1.4)	fig|3132359.4.peg.5846
Carbohydrates	Central carbohydrate metabolism	Dehydrogenase complexes	Pyruvate dehydrogenase E1 component beta subunit (EC 1.2.4.1)	fig|3132359.4.peg.2351
Carbohydrates	Central carbohydrate metabolism	Dehydrogenase complexes	Dihydrolipoamide dehydrogenase of branched-chain alpha-keto acid dehydrogenase (EC 1.8.1.4)	fig|3132359.4.peg.591
Carbohydrates	Central carbohydrate metabolism	Dehydrogenase complexes	Dihydrolipoamide acetyltransferase component of pyruvate dehydrogenase complex (EC 2.3.1.12)	fig|3132359.4.peg.2350
Carbohydrates	Central carbohydrate metabolism	Dehydrogenase complexes	2-oxoglutarate dehydrogenase E1 component (EC 1.2.4.2)	fig|3132359.4.peg.3963
Carbohydrates	Central carbohydrate metabolism	Dehydrogenase complexes	Cytosol aminopeptidase PepA (EC 3.4.11.1)	fig|3132359.4.peg.5043
Carbohydrates	Central carbohydrate metabolism	Dehydrogenase complexes	Branched-chain alpha-keto acid dehydrogenase, E1 component, beta subunit (EC 1.2.4.4)	fig|3132359.4.peg.589
Carbohydrates	Central carbohydrate metabolism	Dehydrogenase complexes	Pyruvate dehydrogenase E1 component alpha subunit (EC 1.2.4.1)	fig|3132359.4.peg.2352
Carbohydrates	Central carbohydrate metabolism	Pyruvate Alanine Serine Interconversions	Alanine racemase (EC 5.1.1.1)	fig|3132359.4.peg.1616, fig|3132359.4.peg.6934
Carbohydrates	Central carbohydrate metabolism	Pyruvate Alanine Serine Interconversions	Valine--pyruvate aminotransferase (EC 2.6.1.66)	fig|3132359.4.peg.3442, fig|3132359.4.peg.3443
Carbohydrates	Central carbohydrate metabolism	Pyruvate Alanine Serine Interconversions	Branched-chain amino acid aminotransferase (EC 2.6.1.42)	fig|3132359.4.peg.3273
Carbohydrates	Central carbohydrate metabolism	Pyruvate Alanine Serine Interconversions	L-serine dehydratase, beta subunit (EC 4.3.1.17)	fig|3132359.4.peg.370
Carbohydrates	Central carbohydrate metabolism	Pyruvate Alanine Serine Interconversions	Alanine dehydrogenase (EC 1.4.1.1)	fig|3132359.4.peg.938, fig|3132359.4.peg.5301
Carbohydrates	Central carbohydrate metabolism	Pyruvate Alanine Serine Interconversions	L-serine dehydratase, alpha subunit (EC 4.3.1.17)	fig|3132359.4.peg.369
Carbohydrates	Central carbohydrate metabolism	Pyruvate Alanine Serine Interconversions	L-alanine:glyoxylate aminotransferase (EC 2.6.1.44)	fig|3132359.4.peg.4404
Carbohydrates	Central carbohydrate metabolism	Pyruvate Alanine Serine Interconversions	D-alanine aminotransferase (EC 2.6.1.21)	fig|3132359.4.peg.171
Carbohydrates	Central carbohydrate metabolism	Methylglyoxal Metabolism	Methylglyoxal synthase (EC 4.2.3.3)	fig|3132359.4.peg.2312
Carbohydrates	Central carbohydrate metabolism	Methylglyoxal Metabolism	Lactoylglutathione lyase (EC 4.4.1.5)	fig|3132359.4.peg.5425
Carbohydrates	Central carbohydrate metabolism	Methylglyoxal Metabolism	Aldehyde dehydrogenase (EC 1.2.1.3)	fig|3132359.4.peg.2864, fig|3132359.4.peg.3578, fig|3132359.4.peg.3704, fig|3132359.4.peg.4774, fig|3132359.4.peg.5622, fig|3132359.4.peg.5973, fig|3132359.4.peg.6281, fig|3132359.4.peg.2864, fig|3132359.4.peg.3578, fig|3132359.4.peg.3704, fig|3132359.4.peg.4774, fig|3132359.4.peg.5622, fig|3132359.4.peg.5973, fig|3132359.4.peg.6281
Carbohydrates	Central carbohydrate metabolism	Methylglyoxal Metabolism	Aldehyde dehydrogenase B (EC 1.2.1.22)	fig|3132359.4.peg.3459
Carbohydrates	Central carbohydrate metabolism	Pyruvate metabolism II: acetyl-CoA, acetogenesis from pyruvate	Acetate kinase (EC 2.7.2.1)	fig|3132359.4.peg.944
Carbohydrates	Central carbohydrate metabolism	Pyruvate metabolism II: acetyl-CoA, acetogenesis from pyruvate	Pyruvate dehydrogenase E1 component alpha subunit (EC 1.2.4.1)	fig|3132359.4.peg.2352
Carbohydrates	Central carbohydrate metabolism	Pyruvate metabolism II: acetyl-CoA, acetogenesis from pyruvate	Dihydrolipoamide acetyltransferase component of pyruvate dehydrogenase complex (EC 2.3.1.12)	fig|3132359.4.peg.2350
Carbohydrates	Central carbohydrate metabolism	Pyruvate metabolism II: acetyl-CoA, acetogenesis from pyruvate	Pyruvate dehydrogenase E1 component beta subunit (EC 1.2.4.1)	fig|3132359.4.peg.2351
Carbohydrates	Central carbohydrate metabolism	Pyruvate metabolism II: acetyl-CoA, acetogenesis from pyruvate	Aldehyde dehydrogenase (EC 1.2.1.3)	fig|3132359.4.peg.2864, fig|3132359.4.peg.3578, fig|3132359.4.peg.3704, fig|3132359.4.peg.4774, fig|3132359.4.peg.5622, fig|3132359.4.peg.5973, fig|3132359.4.peg.6281
Carbohydrates	Central carbohydrate metabolism	Pyruvate metabolism II: acetyl-CoA, acetogenesis from pyruvate	NAD-independent protein deacetylase AcuC	fig|3132359.4.peg.967
Carbohydrates	Central carbohydrate metabolism	Pyruvate metabolism II: acetyl-CoA, acetogenesis from pyruvate	Phosphate acetyltransferase (EC 2.3.1.8)	fig|3132359.4.peg.5289
Carbohydrates	Central carbohydrate metabolism	Pyruvate metabolism II: acetyl-CoA, acetogenesis from pyruvate	NAD-dependent protein deacetylase of SIR2 family	fig|3132359.4.peg.117, fig|3132359.4.peg.1071
Carbohydrates	Central carbohydrate metabolism	Pyruvate metabolism II: acetyl-CoA, acetogenesis from pyruvate	Dihydrolipoamide dehydrogenase of pyruvate dehydrogenase complex (EC 1.8.1.4)	fig|3132359.4.peg.2349
Carbohydrates	Central carbohydrate metabolism	Pyruvate metabolism II: acetyl-CoA, acetogenesis from pyruvate	Acetyltransferase AcuA, acetyl-CoA synthetase inhibitor	fig|3132359.4.peg.965
Carbohydrates	Central carbohydrate metabolism	Glycolate, glyoxylate interconversions	Hydroxypyruvate reductase (EC 1.1.1.81)	fig|3132359.4.peg.5059
Carbohydrates	Central carbohydrate metabolism	Glycolate, glyoxylate interconversions	Glyoxylate reductase (EC 1.1.1.26)	fig|3132359.4.peg.5059
Carbohydrates	Central carbohydrate metabolism	Glycolate, glyoxylate interconversions	Glycolate dehydrogenase (EC 1.1.99.14), subunit GlcD	fig|3132359.4.peg.3926
Carbohydrates	Central carbohydrate metabolism	Glycolate, glyoxylate interconversions	Glycolate dehydrogenase (EC 1.1.99.14), iron-sulfur subunit GlcF	fig|3132359.4.peg.3136, fig|3132359.4.peg.3927
Carbohydrates	Central carbohydrate metabolism	Glycolate, glyoxylate interconversions	Glycolate dehydrogenase (EC 1.1.99.14), FAD-binding subunit GlcE	fig|3132359.4.peg.3928
Carbohydrates	Central carbohydrate metabolism	Glycolate, glyoxylate interconversions	Glyoxylate reductase (EC 1.1.1.79)	fig|3132359.4.peg.5059
Carbohydrates	Central carbohydrate metabolism	Pyruvate metabolism I: anaplerotic reactions, PEP	NADP-dependent malic enzyme (EC 1.1.1.40)	fig|3132359.4.peg.928, fig|3132359.4.peg.4492
Carbohydrates	Central carbohydrate metabolism	Pyruvate metabolism I: anaplerotic reactions, PEP	Two-component sensor histidine kinase, malate (EC 2.7.3.-)	fig|3132359.4.peg.6383
Carbohydrates	Central carbohydrate metabolism	Pyruvate metabolism I: anaplerotic reactions, PEP	Phosphoenolpyruvate carboxykinase [ATP] (EC 4.1.1.49)	fig|3132359.4.peg.1014
Carbohydrates	Central carbohydrate metabolism	Pyruvate metabolism I: anaplerotic reactions, PEP	NAD-dependent malic enzyme (EC 1.1.1.38)	fig|3132359.4.peg.3150, fig|3132359.4.peg.5995
Carbohydrates	Central carbohydrate metabolism	Pyruvate metabolism I: anaplerotic reactions, PEP	Pyruvate kinase (EC 2.7.1.40)	fig|3132359.4.peg.923
Carbohydrates	Central carbohydrate metabolism	Pyruvate metabolism I: anaplerotic reactions, PEP	Phosphoenolpyruvate synthase (EC 2.7.9.2)	fig|3132359.4.peg.5790
Carbohydrates	Central carbohydrate metabolism	Pyruvate metabolism I: anaplerotic reactions, PEP	Phosphoenolpyruvate carboxylase (EC 4.1.1.31)	fig|3132359.4.peg.2918
Carbohydrates	Central carbohydrate metabolism	Pyruvate metabolism I: anaplerotic reactions, PEP	Two-component response regulator, malate (EC 2.7.3.-)	fig|3132359.4.peg.6382
Carbohydrates	Sugar alcohols	Inositol catabolism	Glyceraldehyde-3-phosphate ketol-isomerase (EC 5.3.1.1)	fig|3132359.4.peg.4878
Carbohydrates	Sugar alcohols	Inositol catabolism	Myo-inositol 2-dehydrogenase (EC 1.1.1.18)	fig|3132359.4.peg.3694, fig|3132359.4.peg.4879
Carbohydrates	Sugar alcohols	Inositol catabolism	5-keto-2-deoxygluconokinase (EC 2.7.1.92)	fig|3132359.4.peg.4882, fig|3132359.4.peg.6471
Carbohydrates	Sugar alcohols	Inositol catabolism	Myo-inositol 2-dehydrogenase 1 (EC 1.1.1.18)	fig|3132359.4.peg.6470
Carbohydrates	Sugar alcohols	Inositol catabolism	Predicted transcriptional regulator of the myo-inositol catabolic operon	fig|3132359.4.peg.4877, fig|3132359.4.peg.6468, fig|3132359.4.peg.6475
Carbohydrates	Sugar alcohols	Inositol catabolism	5-keto-2-deoxy-D-gluconate-6 phosphate aldolase (EC 4.1.2.29)	fig|3132359.4.peg.4887
Carbohydrates	Sugar alcohols	Inositol catabolism	Major myo-inositol transporter IolT	fig|3132359.4.peg.4889
Carbohydrates	Sugar alcohols	Inositol catabolism	Transcriptional repressor of the myo-inositol catabolic operon DeoR family	fig|3132359.4.peg.4885
Carbohydrates	Sugar alcohols	Inositol catabolism	Inosose dehydratase (EC 4.2.1.44)	fig|3132359.4.peg.2795, fig|3132359.4.peg.4890, fig|3132359.4.peg.6474
Carbohydrates	Sugar alcohols	Glycerol and Glycerol-3-phosphate Uptake and Utilization	Glycerol-3-phosphate ABC transporter, permease protein UgpA (TC 3.A.1.1.3)	fig|3132359.4.peg.7077
Carbohydrates	Sugar alcohols	Glycerol and Glycerol-3-phosphate Uptake and Utilization	Glycerophosphoryl diester phosphodiesterase (EC 3.1.4.46)	fig|3132359.4.peg.597, fig|3132359.4.peg.3113, fig|3132359.4.peg.7080
Carbohydrates	Sugar alcohols	Glycerol and Glycerol-3-phosphate Uptake and Utilization	Glycerol kinase (EC 2.7.1.30)	fig|3132359.4.peg.6516
Carbohydrates	Sugar alcohols	Glycerol and Glycerol-3-phosphate Uptake and Utilization	Aerobic glycerol-3-phosphate dehydrogenase (EC 1.1.5.3)	fig|3132359.4.peg.6517
Carbohydrates	Sugar alcohols	Glycerol and Glycerol-3-phosphate Uptake and Utilization	Glycerol-3-phosphate ABC transporter, permease protein UgpE (TC 3.A.1.1.3)	fig|3132359.4.peg.7078
Carbohydrates	Sugar alcohols	Glycerol and Glycerol-3-phosphate Uptake and Utilization	Glycerol uptake facilitator protein	fig|3132359.4.peg.6515
Carbohydrates	Sugar alcohols	Glycerol and Glycerol-3-phosphate Uptake and Utilization	Glycerol-3-phosphate dehydrogenase [NAD(P)+] (EC 1.1.1.94)	fig|3132359.4.peg.485
Carbohydrates	Carbohydrates - no subcategory	Carbon storage regulator	Flagellar assembly factor FliW	fig|3132359.4.peg.5195
Carbohydrates	Carbohydrates - no subcategory	Carbon storage regulator	Carbon storage regulator	fig|3132359.4.peg.5194
Carbohydrates	Di- and oligosaccharides	Sucrose utilization	Sucrose permease, major facilitator superfamily	fig|3132359.4.peg.5603
Carbohydrates	Di- and oligosaccharides	Sucrose utilization	Sucrose operon repressor ScrR, LacI family	fig|3132359.4.peg.4625, fig|3132359.4.peg.5604
Carbohydrates	Di- and oligosaccharides	Sucrose utilization	Sucrose-6-phosphate hydrolase (EC 3.2.1.26)	fig|3132359.4.peg.5592, fig|3132359.4.peg.6068
Carbohydrates	Di- and oligosaccharides	Sucrose utilization	Fructokinase (EC 2.7.1.4)	fig|3132359.4.peg.2550, fig|3132359.4.peg.6033
Carbohydrates	Di- and oligosaccharides	Lactose and Galactose Uptake and Utilization	Aldose 1-epimerase (EC 5.1.3.3)	fig|3132359.4.peg.5820
Carbohydrates	Di- and oligosaccharides	Lactose and Galactose Uptake and Utilization	UDP-glucose 4-epimerase (EC 5.1.3.2)	fig|3132359.4.peg.2609, fig|3132359.4.peg.2688, fig|3132359.4.peg.7017
Carbohydrates	Di- and oligosaccharides	Lactose and Galactose Uptake and Utilization	Galactokinase (EC 2.7.1.6)	fig|3132359.4.peg.3044
Carbohydrates	Di- and oligosaccharides	Lactose and Galactose Uptake and Utilization	Galactose-1-phosphate uridylyltransferase (EC 2.7.7.10)	fig|3132359.4.peg.2443, fig|3132359.4.peg.3043
Carbohydrates	Fermentation	Acetolactate synthase subunits	Acetolactate synthase small subunit (EC 2.2.1.6)	fig|3132359.4.peg.848
Carbohydrates	Fermentation	Acetolactate synthase subunits	Acetolactate synthase large subunit (EC 2.2.1.6)	fig|3132359.4.peg.849
Carbohydrates	Fermentation	Butanol Biosynthesis	Acetyl-CoA acetyltransferase (EC 2.3.1.9)	fig|3132359.4.peg.557, fig|3132359.4.peg.3293, fig|3132359.4.peg.3462, fig|3132359.4.peg.5271
Carbohydrates	Fermentation	Butanol Biosynthesis	Enoyl-CoA hydratase (EC 4.2.1.17)	fig|3132359.4.peg.880, fig|3132359.4.peg.3469, fig|3132359.4.peg.3475, fig|3132359.4.peg.6555, fig|3132359.4.peg.7105
Carbohydrates	Fermentation	Butanol Biosynthesis	Alcohol dehydrogenase (EC 1.1.1.1)	fig|3132359.4.peg.3130, fig|3132359.4.peg.4894, fig|3132359.4.peg.5809, fig|3132359.4.peg.6216, fig|3132359.4.peg.6502
Carbohydrates	Fermentation	Butanol Biosynthesis	3-hydroxybutyryl-CoA dehydrogenase (EC 1.1.1.157)	fig|3132359.4.peg.3476, fig|3132359.4.peg.5270
Carbohydrates	Fermentation	Acetoin, butanediol metabolism	Alpha-acetolactate decarboxylase (EC 4.1.1.5)	fig|3132359.4.peg.2945
Carbohydrates	Fermentation	Acetoin, butanediol metabolism	Transcriptional activator of acetoin dehydrogenase operon AcoR	fig|3132359.4.peg.5847
Carbohydrates	Fermentation	Acetoin, butanediol metabolism	Acetolactate synthase small subunit (EC 2.2.1.6)	fig|3132359.4.peg.848
Carbohydrates	Fermentation	Acetoin, butanediol metabolism	Acetolactate synthase, catabolic (EC 2.2.1.6)	fig|3132359.4.peg.2944
Carbohydrates	Fermentation	Acetoin, butanediol metabolism	2,3-butanediol dehydrogenase, R-alcohol forming, (R)- and (S)-acetoin-specific (EC 1.1.1.4)	fig|3132359.4.peg.4830
Carbohydrates	Fermentation	Acetoin, butanediol metabolism	Acetolactate synthase large subunit (EC 2.2.1.6)	fig|3132359.4.peg.849
Carbohydrates	Fermentation	Acetoin, butanediol metabolism	Dihydrolipoamide dehydrogenase of acetoin dehydrogenase (EC 1.8.1.4)	fig|3132359.4.peg.5846
Carbohydrates	Fermentation	Acetyl-CoA fermentation to Butyrate	Acetyl-CoA acetyltransferase (EC 2.3.1.9)	fig|3132359.4.peg.557, fig|3132359.4.peg.3293, fig|3132359.4.peg.3462, fig|3132359.4.peg.5271
Carbohydrates	Fermentation	Acetyl-CoA fermentation to Butyrate	Electron transfer flavoprotein, alpha subunit	fig|3132359.4.peg.878
Carbohydrates	Fermentation	Acetyl-CoA fermentation to Butyrate	Acetoacetyl-CoA reductase (EC 1.1.1.36)	fig|3132359.4.peg.2474
Carbohydrates	Fermentation	Acetyl-CoA fermentation to Butyrate	3-hydroxyacyl-CoA dehydrogenase (EC 1.1.1.35)	fig|3132359.4.peg.3476
Carbohydrates	Fermentation	Acetyl-CoA fermentation to Butyrate	3-hydroxybutyrate dehydrogenase (EC 1.1.1.30)	fig|3132359.4.peg.3495, fig|3132359.4.peg.3630
Carbohydrates	Fermentation	Acetyl-CoA fermentation to Butyrate	Electron transfer flavoprotein, beta subunit	fig|3132359.4.peg.879
Carbohydrates	Fermentation	Acetyl-CoA fermentation to Butyrate	3-hydroxybutyryl-CoA dehydrogenase (EC 1.1.1.157)	fig|3132359.4.peg.3476, fig|3132359.4.peg.5270
Carbohydrates	Fermentation	Acetyl-CoA fermentation to Butyrate	Enoyl-CoA hydratase (EC 4.2.1.17)	fig|3132359.4.peg.880, fig|3132359.4.peg.3469, fig|3132359.4.peg.3475, fig|3132359.4.peg.6555, fig|3132359.4.peg.7105
Carbohydrates	Fermentation	Fermentations: Lactate	L-lactate dehydrogenase (EC 1.1.1.27)	fig|3132359.4.peg.6504
Carbohydrates	Fermentation	Fermentations: Lactate	Phosphate acetyltransferase (EC 2.3.1.8)	fig|3132359.4.peg.5289
Carbohydrates	Fermentation	Fermentations: Lactate	Acetate kinase (EC 2.7.2.1)	fig|3132359.4.peg.944
Carbohydrates	One-carbon Metabolism	Serine-glyoxylate cycle	Aconitate hydratase (EC 4.2.1.3)	fig|3132359.4.peg.3228
Carbohydrates	One-carbon Metabolism	Serine-glyoxylate cycle	Succinyl-CoA:3-ketoacid-coenzyme A transferase subunit B (EC 2.8.3.5)	fig|3132359.4.peg.555, fig|3132359.4.peg.3463
Carbohydrates	One-carbon Metabolism	Serine-glyoxylate cycle	Methylcrotonyl-CoA carboxylase carboxyl transferase subunit (EC 6.4.1.4)	fig|3132359.4.peg.432
Carbohydrates	One-carbon Metabolism	Serine-glyoxylate cycle	Citrate synthase (si) (EC 2.3.3.1)	fig|3132359.4.peg.918, fig|3132359.4.peg.4455
Carbohydrates	One-carbon Metabolism	Serine-glyoxylate cycle	Isocitrate lyase (EC 4.1.3.1)	fig|3132359.4.peg.3101
Carbohydrates	One-carbon Metabolism	Serine-glyoxylate cycle	Succinyl-CoA ligase [ADP-forming] beta chain (EC 6.2.1.5)	fig|3132359.4.peg.347
Carbohydrates	One-carbon Metabolism	Serine-glyoxylate cycle	Succinyl-CoA:3-ketoacid-coenzyme A transferase subunit A (EC 2.8.3.5)	fig|3132359.4.peg.556, fig|3132359.4.peg.3464
Carbohydrates	One-carbon Metabolism	Serine-glyoxylate cycle	Propionyl-CoA carboxylase beta chain (EC 6.4.1.3)	fig|3132359.4.peg.576
Carbohydrates	One-carbon Metabolism	Serine-glyoxylate cycle	Serine hydroxymethyltransferase (EC 2.1.2.1)	fig|3132359.4.peg.5246
Carbohydrates	One-carbon Metabolism	Serine-glyoxylate cycle	Glycerate kinase (EC 2.7.1.31)	fig|3132359.4.peg.3829
Carbohydrates	One-carbon Metabolism	Serine-glyoxylate cycle	5-formyltetrahydrofolate cyclo-ligase (EC 6.3.3.2)	fig|3132359.4.peg.657
Carbohydrates	One-carbon Metabolism	Serine-glyoxylate cycle	Succinyl-CoA ligase [ADP-forming] alpha chain (EC 6.2.1.5)	fig|3132359.4.peg.346
Carbohydrates	One-carbon Metabolism	Serine-glyoxylate cycle	Methylenetetrahydrofolate dehydrogenase (NADP+) (EC 1.5.1.5)	fig|3132359.4.peg.6052
Carbohydrates	One-carbon Metabolism	Serine-glyoxylate cycle	Enolase (EC 4.2.1.11)	fig|3132359.4.peg.5133
Carbohydrates	One-carbon Metabolism	Serine-glyoxylate cycle	Methylmalonyl-CoA mutase (EC 5.4.99.2)	fig|3132359.4.peg.5266
Carbohydrates	One-carbon Metabolism	Serine-glyoxylate cycle	polyhydroxyalkanoate synthesis repressor PhaR	fig|3132359.4.peg.2475
Carbohydrates	One-carbon Metabolism	Serine-glyoxylate cycle	3-ketoacyl-CoA thiolase (EC 2.3.1.16)	fig|3132359.4.peg.3293, fig|3132359.4.peg.3462
Carbohydrates	One-carbon Metabolism	Serine-glyoxylate cycle	Serine--pyruvate aminotransferase (EC 2.6.1.51)	fig|3132359.4.peg.4404
Carbohydrates	One-carbon Metabolism	Serine-glyoxylate cycle	Acetyl-CoA acetyltransferase (EC 2.3.1.9)	fig|3132359.4.peg.557, fig|3132359.4.peg.3293, fig|3132359.4.peg.3462, fig|3132359.4.peg.5271
Carbohydrates	One-carbon Metabolism	Serine-glyoxylate cycle	Acetoacetyl-CoA reductase (EC 1.1.1.36)	fig|3132359.4.peg.2474
Carbohydrates	One-carbon Metabolism	Serine-glyoxylate cycle	Formate--tetrahydrofolate ligase (EC 6.3.4.3)	fig|3132359.4.peg.5917
Carbohydrates	One-carbon Metabolism	Serine-glyoxylate cycle	Fumarate hydratase class I, aerobic (EC 4.2.1.2)	fig|3132359.4.peg.6333
Carbohydrates	One-carbon Metabolism	Serine-glyoxylate cycle	Malate dehydrogenase (EC 1.1.1.37)	fig|3132359.4.peg.916
Carbohydrates	One-carbon Metabolism	Serine-glyoxylate cycle	cytosolic long-chain acyl-CoA thioester hydrolase family protein	fig|3132359.4.peg.41
Carbohydrates	One-carbon Metabolism	Serine-glyoxylate cycle	Methenyltetrahydrofolate cyclohydrolase (EC 3.5.4.9)	fig|3132359.4.peg.6052
Carbohydrates	One-carbon Metabolism	Serine-glyoxylate cycle	Phosphoenolpyruvate carboxykinase [ATP] (EC 4.1.1.49)	fig|3132359.4.peg.1014
Carbohydrates	One-carbon Metabolism	Serine-glyoxylate cycle	5,10-methylenetetrahydrofolate reductase (EC 1.5.1.20)	fig|3132359.4.peg.2406
Carbohydrates	One-carbon Metabolism	One-carbon metabolism by tetrahydropterines	Methenyltetrahydrofolate cyclohydrolase (EC 3.5.4.9)	fig|3132359.4.peg.6052
Carbohydrates	One-carbon Metabolism	One-carbon metabolism by tetrahydropterines	5,10-methylenetetrahydrofolate reductase (EC 1.5.1.20)	fig|3132359.4.peg.2406
Carbohydrates	One-carbon Metabolism	One-carbon metabolism by tetrahydropterines	Formyltetrahydrofolate deformylase (EC 3.5.1.10)	fig|3132359.4.peg.197
Carbohydrates	One-carbon Metabolism	One-carbon metabolism by tetrahydropterines	5-formyltetrahydrofolate cyclo-ligase (EC 6.3.3.2)	fig|3132359.4.peg.657
Carbohydrates	One-carbon Metabolism	One-carbon metabolism by tetrahydropterines	Formate--tetrahydrofolate ligase (EC 6.3.4.3)	fig|3132359.4.peg.5917
Carbohydrates	One-carbon Metabolism	One-carbon metabolism by tetrahydropterines	Methylenetetrahydrofolate dehydrogenase (NADP+) (EC 1.5.1.5)	fig|3132359.4.peg.6052
